product name,url,image url,price,mrp,discount,brand
GT-2000 13 Running Shoes For Men,https://fkrt.cc/hoioAV0,https://rukminim2.flixcart.com/image/612/612/xif0q/shoe/v/z/p/-original-imahddygkwstpy4n.jpeg?q=70,5200,12999,59%,Flipkart BBD Sale
Running Shoes For Men,https://fkrt.cc/hVyMILp,https://rukminim2.flixcart.com/image/612/612/xif0q/shoe/3/r/c/-original-imah9mgkqxgpc8ca.jpeg?q=70,1399,3695,62%,Flipkart BBD Sale
GEL-CUMULUS 26 Running Shoes For Men,https://fkrt.cc/hBSrrfC,https://rukminim2.flixcart.com/image/612/612/xif0q/shoe/t/v/4/-original-imahgbryt6nbuu6s.jpeg?q=70,4730,10999,56%,Flipkart BBD Sale
Jauntza M Running Shoes For Men,https://fkrt.cc/hBTno7F,https://rukminim2.flixcart.com/image/400/400/xif0q/shoe/c/x/q/-original-imahffac5byvjdgh.jpeg?q=50,1224,3599,65%,Flipkart BBD Sale
Fluo M Running Shoes For Men,https://fkrt.cc/hMCav9X,https://rukminim2.flixcart.com/image/612/612/xif0q/shoe/h/t/q/-original-imahgctkuvfjb2ur.jpeg?q=70,1355,3999,66%,Flipkart BBD Sale
Zig Dynamica Lite Running Shoes For Men,https://fkrt.cc/hnGmoGP,https://rukminim2.flixcart.com/image/612/612/xif0q/shoe/g/o/e/-original-imahfnyt4gc7hqyu.jpeg?q=70,2100,4999,57%,Flipkart BBD Sale
Running Shoes For Men,https://fkrt.cc/hexKCgv,https://rukminim2.flixcart.com/image/612/612/xif0q/shoe/f/0/f/-original-imahbxfw6mehyymr.jpeg?q=70,2407,4499,46%,Flipkart BBD Sale
FTR Xtraflow IDP Running Shoes For Men,https://fkrt.cc/hMYbvZn,https://rukminim2.flixcart.com/image/612/612/xif0q/shoe/l/f/u/-original-imahgbryuvhbzvsg.jpeg?q=70,1870,5499,65%,Flipkart BBD Sale
GO RUN CONSISTENT Running Shoes For Men,https://fkrt.cc/hDvt4ga,https://rukminim2.flixcart.com/image/612/612/xif0q/shoe/i/4/d/-original-imahgcstz8yassjf.jpeg?q=70,2310,5499,57%,Flipkart BBD Sale
SUPER SPEED Running Shoes For Men,https://fkrt.cc/hShWw4x,https://rukminim2.flixcart.com/image/612/612/xif0q/shoe/y/o/e/-original-imahgcstkjntemgg.jpeg?q=70,1240,2499,50%,Flipkart BBD Sale
Rungryp Running Shoes For Men,https://fkrt.cc/hCjKuAs,https://rukminim2.flixcart.com/image/612/612/xif0q/shoe/z/e/m/-original-imahgbrszty5yrhy.jpeg?q=70,1599,4999,68%,Flipkart BBD Sale
Keen IDP Running Shoes For Men,https://fkrt.cc/hzquTzq,https://rukminim2.flixcart.com/image/612/612/xif0q/shoe/w/f/u/-original-imahgbryfqmfxqtv.jpeg?q=70,1440,3999,63%,Flipkart BBD Sale
Zig Dynamica Lite Running Shoes For Men,https://fkrt.cc/hdiDoIR,https://rukminim2.flixcart.com/image/612/612/xif0q/shoe/5/r/o/-original-imahfnythrv534y4.jpeg?q=70,2100,4999,57%,Flipkart BBD Sale
GEL-KAYANO 31 Running Shoes For Men,https://fkrt.cc/hOFst8A,https://rukminim2.flixcart.com/image/612/612/xif0q/shoe/l/v/q/-original-imahfvvsjsmsghq2.jpeg?q=70,6880,15999,56%,Flipkart BBD Sale
Runesy M Running Shoes For Men,https://fkrt.cc/hYCYNjx,https://rukminim2.flixcart.com/image/612/612/xif0q/shoe/q/s/n/-original-imah25hq9y8t3ukf.jpeg?q=70,1492,4299,65%,Flipkart BBD Sale
GlideEase M Running Shoes For Men,https://fkrt.cc/hIjBlPe,https://rukminim2.flixcart.com/image/612/612/xif0q/shoe/7/x/3/-original-imahgctkus2fk7pw.jpeg?q=70,1200,2999,59%,Flipkart BBD Sale
Breakout Running Shoes For Men,https://fkrt.cc/hdXIUKt,https://rukminim2.flixcart.com/image/612/612/xif0q/shoe/l/p/q/-original-imahgctjhzg339da.jpeg?q=70,1131,3299,65%,Flipkart BBD Sale
GEL-CUMULUS 26 Running Shoes For Men,https://fkrt.cc/hM8KF54,https://rukminim2.flixcart.com/image/612/612/xif0q/shoe/e/r/4/-original-imahdfgf5vmpcy6s.jpeg?q=70,5160,11999,56%,Flipkart BBD Sale
Rungryp Running Shoes For Men,https://fkrt.cc/hJn8HgZ,https://rukminim2.flixcart.com/image/612/612/xif0q/shoe/y/u/k/-original-imahgbrrffdnhzzf.jpeg?q=70,1700,4999,65%,Flipkart BBD Sale
CyberRun M Running Shoes For Men,https://fkrt.cc/hT1UsM3,https://rukminim2.flixcart.com/image/612/612/xif0q/shoe/w/v/5/-original-imahgcsuxsf9c6ud.jpeg?q=70,1536,4799,67%,Flipkart BBD Sale
Galaxis Pro Running Shoes For Men,https://fkrt.cc/hPBXBnJ,https://rukminim2.flixcart.com/image/612/612/xif0q/shoe/j/4/f/6-31176704-6-0-puma-gray-echo-white-orange-glo-original-imahf8fdwwkz2xeg.jpeg?q=70,3149,6999,55%,Flipkart BBD Sale
TEKTREL Running Shoes For Men,https://fkrt.cc/h2txKeT,https://rukminim2.flixcart.com/image/612/612/xif0q/shoe/v/m/l/-original-imahg6f67n2ucgee.jpeg?q=70,9999,,,Flipkart BBD Sale
Glowrun Reflective M Running Shoes For Men,https://fkrt.cc/h7G8JlL,https://rukminim2.flixcart.com/image/612/612/xif0q/shoe/l/v/r/-original-imahgcsv6tx6ayha.jpeg?q=70,1702,4599,62%,Flipkart BBD Sale
Fluo M Running Shoes For Men,https://fkrt.cc/h8z6h91,https://rukminim2.flixcart.com/image/612/612/xif0q/shoe/p/h/f/-original-imahgbryvcphyvxz.jpeg?q=70,1358,3999,66%,Flipkart BBD Sale
Basic Run FW25 M2 Running Shoes For Men,https://fkrt.cc/hsmCkAH,https://rukminim2.flixcart.com/image/612/612/xif0q/shoe/h/q/3/-original-imahfutdzzxryxqg.jpeg?q=70,1520,3799,59%,Flipkart BBD Sale
Jauntza M Running Shoes For Men,https://fkrt.cc/hAYuCsO,https://rukminim2.flixcart.com/image/612/612/xif0q/shoe/t/g/z/-original-imahgctk3uamer6q.jpeg?q=70,1332,3599,62%,Flipkart BBD Sale
Galaxis Pro Men's Performance Boost Running Shoes For Men,https://fkrt.cc/h927gxa,https://rukminim2.flixcart.com/image/612/612/xif0q/shoe/r/9/f/-original-imahgcs82pzevhqe.jpeg?q=70,3149,6999,55%,Flipkart BBD Sale
GT-1000 13 Running Shoes For Men,https://fkrt.cc/hSIbeC3,https://rukminim2.flixcart.com/image/612/612/xif0q/shoe/b/j/s/-original-imahf7encu2ymxgy.jpeg?q=70,4000,9999,59%,Flipkart BBD Sale
Jaysaw Reflective Running Shoes For Men,https://fkrt.cc/hdPQNzE,https://rukminim2.flixcart.com/image/612/612/xif0q/shoe/0/q/a/-original-imahgcsvcbvhfnsf.jpeg?q=70,1161,4299,72%,Flipkart BBD Sale
GlideEase M Running Shoes For Men,https://fkrt.cc/hkzBfke,https://rukminim2.flixcart.com/image/612/612/xif0q/shoe/k/t/s/-original-imahgbrymzc2aadw.jpeg?q=70,1200,2999,59%,Flipkart BBD Sale
GEL-CUMULUS 26 Running Shoes For Men,https://fkrt.cc/h15D0If,https://rukminim2.flixcart.com/image/612/612/xif0q/shoe/g/w/c/-original-imahddxb7zvwmmqq.jpeg?q=70,5400,11999,54%,Flipkart BBD Sale
Trabuco Terra 2 Running Shoes For Men,https://fkrt.cc/hVewIMK,https://rukminim2.flixcart.com/image/612/612/xif0q/shoe/x/i/5/-original-imahg3tzprvfzssu.jpeg?q=70,3690,8999,58%,Flipkart BBD Sale
Fluo M Running Shoes For Men,https://fkrt.cc/hbQS1BM,https://rukminim2.flixcart.com/image/612/612/xif0q/shoe/1/v/y/-original-imah6gzeqkk3qeuj.jpeg?q=70,1357,3999,66%,Flipkart BBD Sale
GEL-NIMBUS 26 Running Shoes For Men,https://fkrt.cc/h5dJQz0,https://rukminim2.flixcart.com/image/612/612/xif0q/shoe/s/n/z/-original-imahfvvrehsdd2rg.jpeg?q=70,7520,15999,52%,Flipkart BBD Sale
ONYXD Running Shoes For Men,https://fkrt.cc/hxRwVkE,https://rukminim2.flixcart.com/image/612/612/xif0q/shoe/z/o/m/-original-imahfutezs4zapre.jpeg?q=70,1360,3999,65%,Flipkart BBD Sale
Runesy M Running Shoes For Men,https://fkrt.cc/h9haano,https://rukminim2.flixcart.com/image/612/612/xif0q/shoe/8/g/0/-original-imah4aenemjggzyr.jpeg?q=70,1586,4299,63%,Flipkart BBD Sale
PUMA Flex Addict Running Shoes For Men,https://fkrt.cc/hpezsqk,https://rukminim2.flixcart.com/image/612/612/xif0q/shoe/l/n/h/-original-imahgbrw4hkyqgyy.jpeg?q=70,1462,4299,65%,Flipkart BBD Sale
Running Shoes For Men,https://fkrt.cc/hmYBLqq,https://rukminim2.flixcart.com/image/612/612/xif0q/shoe/h/b/v/-original-imah4ehceuejspvy.jpeg?q=70,1669,4395,62%,Flipkart BBD Sale
Stunicon M Running Shoes For Men,https://fkrt.cc/hYw23Sm,https://rukminim2.flixcart.com/image/612/612/xif0q/shoe/i/f/2/-original-imahgcsuz3qsaqvj.jpeg?q=70,1728,4799,63%,Flipkart BBD Sale
GT-2000 13 Running Shoes For Men,https://fkrt.cc/hKpZU4i,https://rukminim2.flixcart.com/image/612/612/xif0q/shoe/b/s/3/-original-imahddxbfyvmprvd.jpeg?q=70,5200,12999,59%,Flipkart BBD Sale
GT-2000 13 Running Shoes For Men,https://fkrt.cc/hoioAV0,https://rukminim2.flixcart.com/image/612/612/xif0q/shoe/v/z/p/-original-imahddygkwstpy4n.jpeg?q=70,5200,12999,59%,Flipkart BBD Sale
Running Shoes For Men,https://fkrt.cc/hexKCgv,https://rukminim2.flixcart.com/image/612/612/xif0q/shoe/f/0/f/-original-imahbxfw6mehyymr.jpeg?q=70,2407,4499,46%,Flipkart BBD Sale
ComfortCush Lite Running Shoes For Men,https://fkrt.cc/hbqsAhA,https://rukminim2.flixcart.com/image/612/612/xif0q/shoe/b/s/q/-original-imahg2t2fxzfdgzp.jpeg?q=70,2795,6499,56%,Flipkart BBD Sale
Jauntza M Running Shoes For Men,https://fkrt.cc/hCDSmRe,https://rukminim2.flixcart.com/image/612/612/xif0q/shoe/u/m/d/-original-imahgcsv34h6mhta.jpeg?q=70,1107,3599,69%,Flipkart BBD Sale
GT-1000 13 Running Shoes For Men,https://fkrt.cc/hiJPi2n,https://rukminim2.flixcart.com/image/612/612/xif0q/shoe/b/j/s/-original-imahf7encu2ymxgy.jpeg?q=70,4000,9999,59%,Flipkart BBD Sale
Runesy M Running Shoes For Men,https://fkrt.cc/hXNOx2I,https://rukminim2.flixcart.com/image/612/612/xif0q/shoe/z/a/h/-original-imahffabz8zgv29b.jpeg?q=70,1548,4299,63%,Flipkart BBD Sale
GEL-CUMULUS 26 Running Shoes For Men,https://fkrt.cc/hBSrrfC,https://rukminim2.flixcart.com/image/612/612/xif0q/shoe/t/v/4/-original-imahgbryt6nbuu6s.jpeg?q=70,4730,10999,56%,Flipkart BBD Sale
FTR Xtraflow IDP Running Shoes For Men,https://fkrt.cc/hMYbvZn,https://rukminim2.flixcart.com/image/612/612/xif0q/shoe/l/f/u/-original-imahgbryuvhbzvsg.jpeg?q=70,1870,5499,65%,Flipkart BBD Sale
Base A M Running Shoes For Men,https://fkrt.cc/hnGmYXz,https://rukminim2.flixcart.com/image/612/612/xif0q/shoe/b/5/2/-original-imahg3u4yz8zsw4g.jpeg?q=70,1442,3999,63%,Flipkart BBD Sale
ONYXD Running Shoes For Men,https://fkrt.cc/huVi5T9,https://rukminim2.flixcart.com/image/612/612/xif0q/shoe/5/e/s/-original-imahgctgbfwzhffm.jpeg?q=70,1360,3999,65%,Flipkart BBD Sale
Rungryp Running Shoes For Men,https://fkrt.cc/hCjKuAs,https://rukminim2.flixcart.com/image/612/612/xif0q/shoe/z/e/m/-original-imahgbrszty5yrhy.jpeg?q=70,1599,4999,68%,Flipkart BBD Sale
GEL-KAYANO 31 Running Shoes For Men,https://fkrt.cc/hOFst8A,https://rukminim2.flixcart.com/image/612/612/xif0q/shoe/l/v/q/-original-imahfvvsjsmsghq2.jpeg?q=70,6880,15999,56%,Flipkart BBD Sale
Supreme Comfort Running Shoes For Men,https://fkrt.cc/hEp5JWr,https://rukminim2.flixcart.com/image/612/612/xif0q/shoe/q/s/x/-original-imahg2t7utr5mg7w.jpeg?q=70,1230,2999,58%,Flipkart BBD Sale
Bridge Comfort Running Shoes For Men,https://fkrt.cc/hiKRiKn,https://rukminim2.flixcart.com/image/612/612/xif0q/shoe/l/p/z/-original-imahgcsu4bbm8ee8.jpeg?q=70,1215,2499,51%,Flipkart BBD Sale
Electron E Running Shoes For Men,https://fkrt.cc/hmxc3Ep,https://rukminim2.flixcart.com/image/612/612/xif0q/shoe/x/d/6/-original-imahgcs9pgkd7db9.jpeg?q=70,1650,4999,66%,Flipkart BBD Sale
ComfortRise Lite Running Shoes For Men,https://fkrt.cc/hQ1YRtW,https://rukminim2.flixcart.com/image/612/612/xif0q/shoe/j/k/f/-original-imahg3u4cvesrqzg.jpeg?q=70,2430,6499,62%,Flipkart BBD Sale
Keen IDP Running Shoes For Men,https://fkrt.cc/hzquTzq,https://rukminim2.flixcart.com/image/612/612/xif0q/shoe/w/f/u/-original-imahgbryfqmfxqtv.jpeg?q=70,1440,3999,63%,Flipkart BBD Sale
GEL-NIMBUS 26 Running Shoes For Men,https://fkrt.cc/hHa5G2T,https://rukminim2.flixcart.com/image/612/612/xif0q/shoe/a/a/f/-original-imahgbzahcfubmay.jpeg?q=70,7520,15999,52%,Flipkart BBD Sale
Running Shoes For Men,https://fkrt.cc/hw0QyES,https://rukminim2.flixcart.com/image/612/612/xif0q/shoe/k/2/g/8-31208302-8-puma-white-dark-slate-original-imahfnywngtuethy.jpeg?q=70,3440,7999,56%,Flipkart BBD Sale
GO RUN 400 Running Shoes For Men,https://fkrt.cc/hoz7cn6,https://rukminim2.flixcart.com/image/612/612/xif0q/shoe/h/f/x/-original-imahgcstvennytfa.jpeg?q=70,1845,4499,58%,Flipkart BBD Sale
Breakout Running Shoes For Men,https://fkrt.cc/hdXIUKt,https://rukminim2.flixcart.com/image/612/612/xif0q/shoe/l/p/q/-original-imahgctjhzg339da.jpeg?q=70,1131,3299,65%,Flipkart BBD Sale
GEL-CUMULUS 26 Running Shoes For Men,https://fkrt.cc/hM8KF54,https://rukminim2.flixcart.com/image/612/612/xif0q/shoe/e/r/4/-original-imahdfgf5vmpcy6s.jpeg?q=70,5160,11999,56%,Flipkart BBD Sale
Runesy M Running Shoes For Men,https://fkrt.cc/hZFT5xl,https://rukminim2.flixcart.com/image/612/612/xif0q/shoe/u/h/e/-original-imahfutfwwybbsdm.jpeg?q=70,1548,4299,63%,Flipkart BBD Sale
Harquin M Running Shoes For Men,https://fkrt.cc/henbypB,https://rukminim2.flixcart.com/image/612/612/xif0q/shoe/y/5/o/-original-imahgbrxz5zn3zgp.jpeg?q=70,1373,4299,68%,Flipkart BBD Sale
Runblaze M Running Shoes For Men,https://fkrt.cc/hUHwwnJ,https://rukminim2.flixcart.com/image/612/612/xif0q/shoe/r/1/j/8-jq0631-8-adidas-dkblue-silvmt-legink-original-imahftff8yupz9xz.jpeg?q=70,2240,5599,59%,Flipkart BBD Sale
Zig Titanica Lite Running Shoes For Men,https://fkrt.cc/hfgE5aJ,https://rukminim2.flixcart.com/image/612/612/xif0q/shoe/w/b/p/9-rmsora4354-10-reebok-black1-original-imahg4pjxj7sg6u5.jpeg?q=70,2100,4999,57%,Flipkart BBD Sale
Galaxis Pro Running Shoes For Men,https://fkrt.cc/hPBXBnJ,https://rukminim2.flixcart.com/image/612/612/xif0q/shoe/j/4/f/6-31176704-6-0-puma-gray-echo-white-orange-glo-original-imahf8fdwwkz2xeg.jpeg?q=70,3149,6999,55%,Flipkart BBD Sale
TEKTREL Running Shoes For Men,https://fkrt.cc/h2txKeT,https://rukminim2.flixcart.com/image/612/612/xif0q/shoe/v/m/l/-original-imahg6f67n2ucgee.jpeg?q=70,9999,,,Flipkart BBD Sale
Exotine 5.0 Running Shoes For Men,https://fkrt.cc/hslOMfE,https://rukminim2.flixcart.com/image/612/612/xif0q/shoe/o/1/v/-original-imahg3u4gvjf27zg.jpeg?q=70,2050,4999,58%,Flipkart BBD Sale
Sterlinn M Running Shoes For Men,https://fkrt.cc/hETwHIO,https://rukminim2.flixcart.com/image/612/612/xif0q/shoe/9/y/4/-original-imahgcstycefm2v4.jpeg?q=70,1918,5999,68%,Flipkart BBD Sale
GT-1000 13 Running Shoes For Men,https://fkrt.cc/hSIbeC3,https://rukminim2.flixcart.com/image/612/612/xif0q/shoe/b/j/s/-original-imahf7encu2ymxgy.jpeg?q=70,4000,9999,59%,Flipkart BBD Sale
Galaxis Pro Men's Performance Boost Running Shoes For Men,https://fkrt.cc/h927gxa,https://rukminim2.flixcart.com/image/612/612/xif0q/shoe/r/9/f/-original-imahgcs82pzevhqe.jpeg?q=70,3149,6999,55%,Flipkart BBD Sale
RUN STEADY M Running Shoes For Men,https://fkrt.cc/hGtOM0N,https://rukminim2.flixcart.com/image/612/612/xif0q/shoe/v/v/q/-original-imahgctkxnytw2hg.jpeg?q=70,2240,5599,59%,Flipkart BBD Sale
Ownthe Go Running Shoes For Men,https://fkrt.cc/hpX26fF,https://rukminim2.flixcart.com/image/612/612/xif0q/shoe/o/c/b/9-jk8335-9-adidas-black-grefou-secogr-original-imahg3cfvmzauexz.jpeg?q=70,2268,6299,63%,Flipkart BBD Sale
Jauntza M Running Shoes For Men,https://fkrt.cc/h0OjvHI,https://rukminim2.flixcart.com/image/612/612/xif0q/shoe/l/e/c/-original-imahgbrxqfxt4vhw.jpeg?q=70,1224,3599,65%,Flipkart BBD Sale
Transport Bay Running Shoes For Men,https://fkrt.cc/hoQMw5E,https://rukminim2.flixcart.com/image/612/612/xif0q/shoe/b/j/g/-original-imahgbry76ms2zgu.jpeg?q=70,2170,6999,68%,Flipkart BBD Sale
Running Shoes For Men,https://fkrt.cc/hVyMILp,https://rukminim2.flixcart.com/image/612/612/xif0q/shoe/3/r/c/-original-imah9mgkqxgpc8ca.jpeg?q=70,1399,3695,62%,Flipkart BBD Sale
GEL-CUMULUS 26 Running Shoes For Men,https://fkrt.cc/h15D0If,https://rukminim2.flixcart.com/image/612/612/xif0q/shoe/g/w/c/-original-imahddxb7zvwmmqq.jpeg?q=70,5400,11999,54%,Flipkart BBD Sale
Zig Dynamica Lite Running Shoes For Men,https://fkrt.cc/h9vlWJF,https://rukminim2.flixcart.com/image/612/612/xif0q/shoe/w/b/m/-original-imahg2tyr8bzhusp.jpeg?q=70,2100,4999,57%,Flipkart BBD Sale
CLOUD-GRIP Running Shoes For Men,https://fkrt.cc/hXRywkD,https://rukminim2.flixcart.com/image/612/612/xif0q/shoe/9/l/y/-original-imahgcs5gevzhwnt.jpeg?q=70,1950,4999,60%,Flipkart BBD Sale
FASTFEET Stylish Lace-Up Running Sports Shoes Casuals For Men,https://fkrt.cc/h8bqUU8,https://rukminim2.flixcart.com/image/612/612/xif0q/shoe/p/z/6/-original-imahg3uyuhtkavzx.jpeg?q=70,2999,7499,60%,Flipkart BBD Sale
GT-2000 13 TR Running Shoes For Men,https://fkrt.cc/hKVgtZ4,https://rukminim2.flixcart.com/image/612/612/xif0q/shoe/o/g/a/-original-imahddygjsgn3qeh.jpeg?q=70,6110,12999,52%,Flipkart BBD Sale
FlexFlare Sports Running Shoes For Men,https://fkrt.cc/hzL3UEw,https://rukminim2.flixcart.com/image/612/612/xif0q/shoe/0/i/b/-original-imahgbrsfgfqxfdy.jpeg?q=70,1845,4499,58%,Flipkart BBD Sale
GEL-CUMULUS 26 Running Shoes For Men,https://fkrt.cc/h60TFRL,https://rukminim2.flixcart.com/image/612/612/xif0q/shoe/e/r/4/-original-imahdfgf5vmpcy6s.jpeg?q=70,5160,11999,56%,Flipkart BBD Sale
QUID-PRO Running Shoes For Men,https://fkrt.cc/huMOHIp,https://rukminim2.flixcart.com/image/612/612/xif0q/shoe/q/g/2/12-iu9489-12-adidas-black-white-dovgry-original-imagv9gdftyraj5n.jpeg?q=70,1768,5599,68%,Flipkart BBD Sale
ComfortCush Lite Running Shoes For Men,https://fkrt.cc/h7aNwbG,https://rukminim2.flixcart.com/image/612/612/xif0q/shoe/x/f/u/-original-imahg3u4q37atjrr.jpeg?q=70,2430,6499,62%,Flipkart BBD Sale
GT-2000 13 Running Shoes For Men,https://fkrt.cc/h9PBE9F,https://rukminim2.flixcart.com/image/612/612/xif0q/shoe/b/s/3/-original-imahddxbfyvmprvd.jpeg?q=70,5200,12999,59%,Flipkart BBD Sale
Running Shoes For Men,https://fkrt.cc/hLWIhuX,https://rukminim2.flixcart.com/image/612/612/xif0q/shoe/k/p/h/6-sgc-4753022-40-woodland-black-original-imahyyqddmh33w7t.jpeg?q=70,1129,2995,62%,Flipkart BBD Sale
Basic Run FW25 M2 Running Shoes For Men,https://fkrt.cc/hutrVSn,https://rukminim2.flixcart.com/image/612/612/xif0q/shoe/s/w/v/-original-imahfutdhxx6ewuc.jpeg?q=70,1520,3799,59%,Flipkart BBD Sale
FTR Xtraflow IDP Running Shoes For Men,https://fkrt.cc/h5AuUKQ,https://rukminim2.flixcart.com/image/612/612/xif0q/shoe/d/0/t/-original-imahgcsts8feyeva.jpeg?q=70,1870,5499,65%,Flipkart BBD Sale
520 Running Shoes For Men,https://fkrt.cc/hFwLciC,https://rukminim2.flixcart.com/image/612/612/xif0q/shoe/3/e/o/9-m520izc9-9-5-new-balance-blue-original-imahfvqceezc4rkw.jpeg?q=70,3840,7999,51%,Flipkart BBD Sale
QuickPace Sports Lace Up Low Ankle Running Shoes for Men | Sports Shoes Running Shoes For Men,https://fkrt.cc/hLJRS3X,https://rukminim2.flixcart.com/image/612/612/xif0q/shoe/s/g/o/8-r1708-8-red-chief-black-d-grey-original-imahew4pcqfwhj9b.jpeg?q=70,3099,7699,59%,Flipkart BBD Sale
Bazin Running Shoes For Men,https://fkrt.cc/heALSlJ,https://rukminim2.flixcart.com/image/612/612/xif0q/shoe/k/x/i/-original-imahgcs7z7f9wzp7.jpeg?q=70,1640,3999,58%,Flipkart BBD Sale
Run Odyssey Running Shoes For Men,https://fkrt.cc/hD8MGl8,https://rukminim2.flixcart.com/image/612/612/xif0q/shoe/o/v/t/-original-imagzjw3mssgzcqv.jpeg?q=70,1108,2799,60%,Flipkart BBD Sale
Marco M Running Shoes For Men,https://fkrt.cc/hgcPjXf,https://rukminim2.flixcart.com/image/612/612/xif0q/shoe/b/p/r/-original-imahddyzas3hj8yq.jpeg?q=70,1702,4599,62%,Flipkart BBD Sale
LightRun Stride Running Shoes For Men,https://fkrt.cc/hhGnsKV,https://rukminim2.flixcart.com/image/612/612/xif0q/shoe/8/n/p/-original-imahg3ufmgg9hevh.jpeg?q=70,1899,4999,62%,Flipkart BBD Sale
Running Shoes For Men,https://fkrt.cc/hJuLGou,https://rukminim2.flixcart.com/image/612/612/xif0q/shoe/u/n/u/5-1011b973-300-6-0-asics-lime-green-mantle-green-original-imahdeyhhjbhbdqz.jpeg?q=70,5590,12999,56%,Flipkart BBD Sale
GEL-KAYANO 31 Running Shoes For Men,https://fkrt.cc/hGOZqVR,https://rukminim2.flixcart.com/image/612/612/xif0q/shoe/m/b/r/-original-imahddwnethvjyjh.jpeg?q=70,7520,15999,52%,Flipkart BBD Sale
Stride Lite Running Shoes For Men,https://fkrt.cc/h5IFAei,https://rukminim2.flixcart.com/image/612/612/xif0q/shoe/j/r/d/-original-imahg3u43cntxngy.jpeg?q=70,2445,5999,59%,Flipkart BBD Sale
Stunicon M Running Shoes For Men,https://fkrt.cc/hykocoA,https://rukminim2.flixcart.com/image/612/612/xif0q/shoe/v/v/h/-original-imahgcsuasnmwe8r.jpeg?q=70,1792,4799,62%,Flipkart BBD Sale
TurboTread Stylish Lace-Up Running Sports Shoes Casuals For Men,https://fkrt.cc/hDIlQg7,https://rukminim2.flixcart.com/image/612/612/xif0q/shoe/y/y/e/6-r1724-6-red-chief-eve-blue-original-imahgyd2xj9hdjeg.jpeg?q=70,2357,6599,64%,Flipkart BBD Sale
GEL-KAYANO 31 Running Shoes For Men,https://fkrt.cc/hHZMaMP,https://rukminim2.flixcart.com/image/612/612/xif0q/shoe/7/e/m/-original-imahfvvrgcgfgwhn.jpeg?q=70,6880,15999,56%,Flipkart BBD Sale
FTR Xtraflow IDP Running Shoes For Men,https://fkrt.cc/hzITqyB,https://rukminim2.flixcart.com/image/612/612/xif0q/shoe/l/f/u/-original-imahgbryuvhbzvsg.jpeg?q=70,1870,5499,65%,Flipkart BBD Sale
Softride Rift Runlyn Running Shoes For Men,https://fkrt.cc/hoBzYuY,https://rukminim2.flixcart.com/image/612/612/xif0q/shoe/6/q/9/-original-imahgcsupzkq6cy3.jpeg?q=70,2046,5499,62%,Flipkart BBD Sale
Z BLAZE LITE M Running Shoes For Men,https://fkrt.cc/hDzsbRt,https://rukminim2.flixcart.com/image/612/612/xif0q/shoe/6/k/e/-original-imahg2t7wfxpyzph.jpeg?q=70,1350,2999,54%,Flipkart BBD Sale
Propel EL MU Running Shoes For Men,https://fkrt.cc/h2lTUKf,https://rukminim2.flixcart.com/image/612/612/xif0q/shoe/r/a/m/-original-imah852727hvhgm5.jpeg?q=70,1240,3999,68%,Flipkart BBD Sale
Running Shoes For Men,https://fkrt.cc/hIQuF6c,https://rukminim2.flixcart.com/image/612/612/xif0q/shoe/2/n/i/-original-imah4zm5umezbjxg.jpeg?q=70,1509,3995,62%,Flipkart BBD Sale
SPRINTSTRIDE Stylish Running Sports Shoes Casuals For Men,https://fkrt.cc/h8DDQUP,https://rukminim2.flixcart.com/image/612/612/xif0q/shoe/3/h/s/-original-imahg3u2hs5bpgdj.jpeg?q=70,1956,5399,63%,Flipkart BBD Sale
Softride Rift Runlyn Running Shoes For Men,https://fkrt.cc/htRHxM5,https://rukminim2.flixcart.com/image/612/612/xif0q/shoe/m/3/i/-original-imahgcsusnntfahd.jpeg?q=70,2195,5499,60%,Flipkart BBD Sale
rapide run M Running Shoes For Men,https://fkrt.cc/hPqzdos,https://rukminim2.flixcart.com/image/612/612/xif0q/shoe/a/p/e/-original-imahyrds97xkhnqm.jpeg?q=70,2119,5299,60%,Flipkart BBD Sale
Running Shoes For Men,https://fkrt.cc/hPaaN8r,https://rukminim2.flixcart.com/image/612/612/xif0q/shoe/n/m/s/10-osgc-4684022-44-woodland-grey-original-imah4xbnjbhwkguy.jpeg?q=70,1797,2995,40%,Flipkart BBD Sale
TurboTread Stylish Lace-Up Running Sports Shoes Casuals For Men,https://fkrt.cc/hj5zJSO,https://rukminim2.flixcart.com/image/612/612/xif0q/shoe/u/v/9/6-r1724-6-red-chief-light-grey-blue-original-imahgyczxtwyh7gt.jpeg?q=70,2357,6599,64%,Flipkart BBD Sale
Harquin M Running Shoes For Men,https://fkrt.cc/hiuDIZ7,https://rukminim2.flixcart.com/image/612/612/xif0q/shoe/c/q/v/-original-imahgbzaanupvnwk.jpeg?q=70,1419,4299,66%,Flipkart BBD Sale
CyclonitePro Res Running Shoes For Men,https://fkrt.cc/hz3Qsfk,https://rukminim2.flixcart.com/image/612/612/xif0q/shoe/w/m/y/-original-imahgbrqbrg99ate.jpeg?q=70,2861,6999,59%,Flipkart BBD Sale
GEL-VENTURE 9 Running Shoes For Men,https://fkrt.cc/heobXuG,https://rukminim2.flixcart.com/image/612/612/xif0q/shoe/i/l/e/11-1011c126-400-asics-night-sky-feather-grey-original-imahbyfv5zzvgpm2.jpeg?q=70,5999,,,Flipkart BBD Sale
GT-2000 13 Running Shoes For Men,https://fkrt.cc/hM5jbLY,https://rukminim2.flixcart.com/image/612/612/xif0q/shoe/v/z/p/-original-imahddygkwstpy4n.jpeg?q=70,5200,12999,59%,Flipkart BBD Sale
GEL-KAYANO 31 Running Shoes For Men,https://fkrt.cc/hEkwAQE,https://rukminim2.flixcart.com/image/612/612/xif0q/shoe/v/l/q/-original-imahfvvr7k2v92cy.jpeg?q=70,6880,15999,56%,Flipkart BBD Sale
AerCloud Stylish Lace-Up Running Shoes Running Shoes For Men,https://fkrt.cc/h9Roc7B,https://rukminim2.flixcart.com/image/612/612/xif0q/shoe/w/o/n/-original-imahg3u3gtczxhkx.jpeg?q=70,2397,4899,51%,Flipkart BBD Sale
PURE Running Shoes For Men,https://fkrt.cc/hiCp4Dg,https://rukminim2.flixcart.com/image/612/612/xif0q/shoe/6/h/u/-original-imahgbzafhrr98yz.jpeg?q=70,2940,6999,57%,Flipkart BBD Sale
GT-2000 13 Running Shoes For Men,https://fkrt.cc/hox0xZU,https://rukminim2.flixcart.com/image/612/612/xif0q/shoe/2/r/d/-original-imahddygjugygyhn.jpeg?q=70,5590,12999,56%,Flipkart BBD Sale
Supreme Comfort Running Shoes For Men,https://fkrt.cc/h90iNVs,https://rukminim2.flixcart.com/image/612/612/xif0q/shoe/m/y/e/-original-imahgbrxhtd6uzwn.jpeg?q=70,702,2999,76%,Flipkart BBD Sale
Running Shoes For Men,https://fkrt.cc/hwOsDwA,https://rukminim2.flixcart.com/image/612/612/xif0q/shoe/f/0/f/-original-imahbxfw6mehyymr.jpeg?q=70,2407,4499,46%,Flipkart BBD Sale
CLOUD-GRIP Running Shoes For Men,https://fkrt.cc/hMWtfpK,https://rukminim2.flixcart.com/image/612/612/xif0q/shoe/9/l/y/-original-imahgcs5gevzhwnt.jpeg?q=70,1950,4999,60%,Flipkart BBD Sale
Grandeur Running Shoes For Men,https://fkrt.cc/hZSqfOZ,https://rukminim2.flixcart.com/image/612/612/xif0q/shoe/a/s/m/-original-imahgcthhbfgmghf.jpeg?q=70,1650,4999,66%,Flipkart BBD Sale
JOLT 5 Running Shoes For Men,https://fkrt.cc/hWIlkde,https://rukminim2.flixcart.com/image/612/612/xif0q/shoe/m/j/b/-original-imahg2t4eghqse4j.jpeg?q=70,2365,5499,56%,Flipkart BBD Sale
GO RUN 400 Running Shoes For Men,https://fkrt.cc/hFJj5RU,https://rukminim2.flixcart.com/image/612/612/xif0q/shoe/e/e/h/-original-imahgcsvkbphamfw.jpeg?q=70,1822,4499,59%,Flipkart BBD Sale
GT-2000 13 Running Shoes For Men,https://fkrt.cc/hM5jbLY,https://rukminim2.flixcart.com/image/612/612/xif0q/shoe/v/z/p/-original-imahddygkwstpy4n.jpeg?q=70,5200,12999,59%,Flipkart BBD Sale
FleetFlash Stylish Lace-Up Running Sports Shoes Casuals For Men,https://fkrt.cc/h3JQ8V9,https://rukminim2.flixcart.com/image/612/612/xif0q/shoe/v/y/x/8-r1721-8-red-chief-blue-white-original-imahg2hdzb9aahbr.jpeg?q=70,2250,4599,51%,Flipkart BBD Sale
GEL-CUMULUS 26 Running Shoes For Men,https://fkrt.cc/hv0aExZ,https://rukminim2.flixcart.com/image/612/612/xif0q/shoe/t/v/4/-original-imahgbryt6nbuu6s.jpeg?q=70,4730,10999,56%,Flipkart BBD Sale
RUNFALCON 5 Running Shoes For Men,https://fkrt.cc/hUBWUvo,https://rukminim2.flixcart.com/image/612/612/xif0q/shoe/w/1/5/-original-imahddyzvmfswcmh.jpeg?q=70,2639,6599,60%,Flipkart BBD Sale
GEL-PULSE 15 Running Shoes For Men,https://fkrt.cc/hkbyHym,https://rukminim2.flixcart.com/image/612/612/xif0q/shoe/p/8/k/-original-imahddygcvyhrvhx.jpeg?q=70,4050,8999,54%,Flipkart BBD Sale
GEL-CUMULUS 26 Running Shoes For Men,https://fkrt.cc/hSylSTa,https://rukminim2.flixcart.com/image/612/612/xif0q/shoe/t/v/4/-original-imahgbryt6nbuu6s.jpeg?q=70,4730,10999,56%,Flipkart BBD Sale
Fluento M Running Shoes For Men,https://fkrt.cc/hWP33cc,https://rukminim2.flixcart.com/image/612/612/xif0q/shoe/d/m/8/-original-imagtajgzy2pgcfe.jpeg?q=70,1119,3599,68%,Flipkart BBD Sale
Voltaic Evo Elemental Camo Running Shoes For Men,https://fkrt.cc/h41gLo7,https://rukminim2.flixcart.com/image/612/612/xif0q/shoe/x/2/z/-original-imahgcsfpb7gkx2w.jpeg?q=70,2465,7999,69%,Flipkart BBD Sale
Softride Rift Runlyn Running Shoes For Men,https://fkrt.cc/h2dvoFq,https://rukminim2.flixcart.com/image/612/612/xif0q/shoe/r/v/h/-original-imahgcst4prh27ag.jpeg?q=70,1980,5499,63%,Flipkart BBD Sale
DURAMO RC2 M Running Shoes For Men,https://fkrt.cc/hPlWIVP,https://rukminim2.flixcart.com/image/612/612/xif0q/shoe/k/p/c/-original-imahf59syxtbzvje.jpeg?q=70,2016,5599,63%,Flipkart BBD Sale
FTR Xtraflow IDP Running Shoes For Men,https://fkrt.cc/hzITqyB,https://rukminim2.flixcart.com/image/612/612/xif0q/shoe/l/f/u/-original-imahgbryuvhbzvsg.jpeg?q=70,1870,5499,65%,Flipkart BBD Sale
GEL-KAYANO 31 Running Shoes For Men,https://fkrt.cc/hcYyuzj,https://rukminim2.flixcart.com/image/612/612/xif0q/shoe/l/v/q/-original-imahfvvsjsmsghq2.jpeg?q=70,6880,15999,56%,Flipkart BBD Sale
GO RUN CONSISTENT Running Shoes For Men,https://fkrt.cc/hkRCD4l,https://rukminim2.flixcart.com/image/612/612/xif0q/shoe/o/y/j/6-894305id-7-skechers-gray-blue-original-imahfjnd2wuztgkc.jpeg?q=70,2600,6499,59%,Flipkart BBD Sale
GlideEase M Running Shoes For Men,https://fkrt.cc/hpQ1CQW,https://rukminim2.flixcart.com/image/612/612/xif0q/shoe/b/7/a/-original-imahfutybtgmgzud.jpeg?q=70,1172,2999,60%,Flipkart BBD Sale
Bridge Comfort Running Shoes For Men,https://fkrt.cc/hAeSj7D,https://rukminim2.flixcart.com/image/612/612/xif0q/shoe/g/2/v/-original-imahgbry49ugrhfq.jpeg?q=70,1125,2499,54%,Flipkart BBD Sale
Running Shoes For Men,https://fkrt.cc/hjNVS7H,https://rukminim2.flixcart.com/image/612/612/xif0q/shoe/3/r/c/-original-imah9mgkqxgpc8ca.jpeg?q=70,1399,3695,62%,Flipkart BBD Sale
FLYLITE EMERGO RUNNER+ M Running Shoes For Men,https://fkrt.cc/hWA9Kv9,https://rukminim2.flixcart.com/image/612/612/xif0q/shoe/m/d/y/-original-imahgbrxuuyampxe.jpeg?q=70,1240,3299,62%,Flipkart BBD Sale
Gambito M Running Shoes For Men,https://fkrt.cc/hZo5Njl,https://rukminim2.flixcart.com/image/612/612/xif0q/shoe/m/n/d/-original-imah25hqzzfqezzm.jpeg?q=70,1161,4299,72%,Flipkart BBD Sale
Blaze Lite Sports Running Shoes For Men,https://fkrt.cc/hTVhzPB,https://rukminim2.flixcart.com/image/612/612/xif0q/shoe/a/7/f/-original-imahgcs6ynw6fk4u.jpeg?q=70,2255,5499,58%,Flipkart BBD Sale
Harquin M Running Shoes For Men,https://fkrt.cc/hJtszDC,https://rukminim2.flixcart.com/image/612/612/xif0q/shoe/y/n/o/-original-imahgbza5duxxmzb.jpeg?q=70,1485,4299,65%,Flipkart BBD Sale
GEL-CUMULUS 26 Running Shoes For Men,https://fkrt.cc/huhrfPk,https://rukminim2.flixcart.com/image/612/612/xif0q/shoe/g/w/c/-original-imahddxb7zvwmmqq.jpeg?q=70,5400,11999,54%,Flipkart BBD Sale
Running Shoes For Men,https://fkrt.cc/h4G2RXj,https://rukminim2.flixcart.com/image/612/612/xif0q/shoe/h/b/v/-original-imah4ehceuejspvy.jpeg?q=70,1669,4395,62%,Flipkart BBD Sale
Rungryp Running Shoes For Men,https://fkrt.cc/hnPJLgx,https://rukminim2.flixcart.com/image/612/612/xif0q/shoe/s/d/l/-original-imahgcsbws5nsgrd.jpeg?q=70,1700,4999,65%,Flipkart BBD Sale
CyberRun M Running Shoes For Men,https://fkrt.cc/hDmuvxL,https://rukminim2.flixcart.com/image/612/612/xif0q/shoe/k/l/z/-original-imahgbrywfru9m98.jpeg?q=70,1763,4299,58%,Flipkart BBD Sale
Running Shoes For Men,https://fkrt.cc/hGYUzFw,https://rukminim2.flixcart.com/image/612/612/xif0q/shoe/0/j/y/-original-imah4ehyhasmwrhp.jpeg?q=70,1669,4395,62%,Flipkart BBD Sale
Running Shoes For Men,https://fkrt.cc/hI4tvjf,https://rukminim2.flixcart.com/image/612/612/xif0q/shoe/b/r/k/7-sgc-4619022-41-woodland-turquoise-original-imah59nw7zkndvbz.jpeg?q=70,1549,3695,58%,Flipkart BBD Sale
Stride Runner M Running Shoes For Men,https://fkrt.cc/hIqqb9D,https://rukminim2.flixcart.com/image/612/612/xif0q/shoe/o/7/8/-original-imahgcsujzmqcju6.jpeg?q=70,1240,2599,52%,Flipkart BBD Sale
Exotine 5.0 Running Shoes For Men,https://fkrt.cc/hMp3A2e,https://rukminim2.flixcart.com/image/612/612/xif0q/shoe/s/t/z/-original-imahg3uffkkvfudn.jpeg?q=70,2050,4999,58%,Flipkart BBD Sale
FlexFlare Sports Running Shoes For Men,https://fkrt.cc/hzL3UEw,https://rukminim2.flixcart.com/image/612/612/xif0q/shoe/0/i/b/-original-imahgbrsfgfqxfdy.jpeg?q=70,1845,4499,58%,Flipkart BBD Sale
Zapid M Running Shoes For Men,https://fkrt.cc/hLjKVia,https://rukminim2.flixcart.com/image/612/612/xif0q/shoe/w/m/d/-original-imahfzfppfdtydqf.jpeg?q=70,1694,4299,60%,Flipkart BBD Sale
Trabuco Terra 2 Running Shoes For Men,https://fkrt.cc/hwSFCp4,https://rukminim2.flixcart.com/image/612/612/xif0q/shoe/x/i/5/-original-imahg3tzprvfzssu.jpeg?q=70,3690,8999,58%,Flipkart BBD Sale
Running Shoes For Men,https://fkrt.cc/hy1uS8W,https://rukminim2.flixcart.com/image/612/612/xif0q/shoe/q/l/h/12-1011b973-200-13-0-asics-brown-stone-wheat-yellow-original-imahdeyhwbv5bhfv.jpeg?q=70,5200,12999,59%,Flipkart BBD Sale
GEL-CUMULUS 26 Running Shoes For Men,https://fkrt.cc/h60TFRL,https://rukminim2.flixcart.com/image/612/612/xif0q/shoe/e/r/4/-original-imahdfgf5vmpcy6s.jpeg?q=70,5160,11999,56%,Flipkart BBD Sale
QUID-PRO Running Shoes For Men,https://fkrt.cc/huMOHIp,https://rukminim2.flixcart.com/image/612/612/xif0q/shoe/q/g/2/12-iu9489-12-adidas-black-white-dovgry-original-imagv9gdftyraj5n.jpeg?q=70,1768,5599,68%,Flipkart BBD Sale
